cod_rfef,equipo,dorsal,nombre_completo,minutos,posicion,posicion_detalle,anyo_nacimiento,revisado_pos
1378112,C.D. Roda,4,"MEDINA MOREL, RONNY",270,DEF,Lateral Derecho,2008,x
1401109,C.D. Roda,19,"ZAMUDIO MARIN, LUCCA GABRIEL",270,MED,Centrocampista,2008,
1401431,C.D. Roda,15,"INIESTA MOLINA, JOSE",270,MED,Centrocampista,2008,
1374734,C.D. Roda,14,"FERRUSES PIQUER, JAVIER",257,DEF,Defensa,2008,
23357830,C.D. Roda,5,"BERNABEU MOÑINO, IZAN",251,DEF,Defensa,2010,
1392848,C.D. Roda,9,"PEÑA RUBIO, HUGO",227,MED,Centrocampista,2009,
711042,C.D. Roda,8,"NYPPELI, DAN RAMON ZICO EVERT",199,MED,Medio Centro,2008,
1396233,C.D. Roda,1,"BORRAS MAESTRE, MANUEL",180,POR,Portero,2008,
23394984,C.D. Roda,2,"PAVON SAN JUAN, DANIEL",155,DEL,Delantero,2009,x
1371175,C.D. Roda,21,"TERESA ALOS, ROMAN",146,MED,Centrocampista,2009,
23330097,C.D. Roda,11,"VELA ALIAGA, ETHAN",143,DEF,Defensa,2008,
1389893,C.D. Roda,10,"PATILLA REYES, MANUEL",141,MED,Centrocampista,2009,
24609090,C.D. Roda,20,"BONILLA BARRANCAS, MARC",127,MED,Centrocampista,2008,
24424124,C.D. Roda,3,"REINA ORTEGA, DAVID",120,DEF,Lateral Izquierdo,2009,x
24072495,C.D. Roda,13,"ADROVER GOMEZ, ANGEL",90,POR,Portero,2009,
711958,C.D. San Francisco,1,"MORA ARAGUNDE, SEBASTIA",270,POR,Portero,2009,
706604,C.D. San Francisco,2,"BOSCH GARCIA, YAGO BENJAMIN",265,DEF,Lateral Derecho,2009,x
713020,C.D. San Francisco,4,"ANSU OKORO, NICOLAS ANANE",253,MED,Centrocampista,2009,x
689896,C.D. San Francisco,5,"VAN DER MEER GARI, YANNICK",249,DEF,Defensa,2008,
24534997,C.D. San Francisco,6,"ESCALAS FERRER, JOAN",249,MED,Centrocampista,2009,x
23561140,C.D. San Francisco,7,"FERRARI PEREZ, MIGUEL ANGEL",228,MED,Centrocampista,2009,
24900755,C.D. San Francisco,10,"NGUYEN LOPEZ, TAI",220,MED,Centrocampista,2010,x
24900761,C.D. San Francisco,9,"ROMERO NAVARRO, EFREN",217,DEL,Delantero,2010,x
713393,C.D. San Francisco,11,"LOPEZ PISACCO, LUCAS",180,MED,Centrocampista,2010,x
705790,C.D. San Francisco,8,"ORDINAS BAUZA, TONI",158,MED,Centrocampista,2009,x
697210,C.D. San Francisco,3,"NJOKU DUPONT, HUGO",156,MED,Centrocampista,2009,x
24100097,C.D. San Francisco,15,"CANALS GONZALEZ, TOMEU",107,MED,Centrocampista,2009,
698135,C.D. San Francisco,11,"BIBILONI ISERN, SEBASTIA",94,DEL,Delantero,2009,x
706940,C.D. San Francisco,5,"SOLBES MORAGUES, TEO",90,DEF,Defensa,2009,x
1374000,CD Castellón,15,"GARCIA SORIA, MIQUEL",270,DEF,Defensa,2008,
1374769,CD Castellón,1,"ROMERO DESCALS, LUIS",270,POR,Portero,2008,
1388505,CD Castellón,10,"RUIZ BARBERA, RAUL",257,DEL,Delantero,2008,
23309679,CD Castellón,23,"PÉREZ SÁNCHEZ, MARC",243,MED,Centrocampista,2008,
1399095,CD Castellón,2,"MEJIA BURNHAM, JORDAN ALEXIS",221,MED,Centrocampista,2008,
1401053,CD Castellón,8,"GOMEZ MARTINEZ, JOAN",219,MED,Centrocampista,2009,
1390299,CD Castellón,9,"FERNANDEZ MOYA, MARCOS",209,DEL,Delantero,2009,
34081572,CD Castellón,5,"DEMERY, JASON BRYCE",180,DEF,Defensa,2008,x
933434,CD Castellón,22,"VIDAL SUBIRATS, ISAAC",180,MED,Centrocampista,2008,
34116022,CD Castellón,4,"ADEDEJI, OLUWASEGUNFUNMI GABRIEL",161,DEF,Defensa,2008,x
864014,CD Castellón,17,"JOFRE TRABAL, ELOI",151,MED,Centrocampista,2009,
628996,CD Castellón,6,"CATANUS, DARIUS NICHOLAS",141,MED,Centrocampista,2009,
1402161,CD Castellón,11,"IMADIYI UKURE, DESIRE OSARIEMEN",106,DEL,Delantero,2008,
1474118,CD Castellón,7,"MACHUCA BERNAL, RAFAEL",95,MED,Centrocampista,2008,x
1374720,CD Castellón,28,"FORNER MERLOS, PABLO",94,DEF,Defensa,2008,
901773935,Elche CF,17,"KOUROUMA DE LA HOZ, SEYDOU",270,DEL,Delantero,2008,
784664,Elche CF,24,"DIAZ MARQUEZ, MARCOS",270,DEL,Extremo Derecho,2010,x
1380387,Elche CF,4,"MUT GILABERT, JOAN",268,MED,Centrocampista,2008,
1401740,Elche CF,15,"MINGUEZ NAVARRO, ALEJANDRO",264,DEL,Delantero,2008,
1319567,Elche CF,7,"MIRALLES FERNÁNDEZ, IVÁN",264,MED,Centrocampista,2009,
704174,Elche CF,22,"ROSA NUEZ, GORKA",239,DEL,Delantero,2009,
1396243,Elche CF,9,"JARA MORENO, SERGIO",223,MED,Centrocampista,2009,
1372460,Elche CF,16,"PASTOR GOMEZ, JAVIER",211,DEF,Defensa,2009,
1395114,Elche CF,1,"LOPEZ SOTO, JUAN CARLOS",180,POR,Portero,2008,
1374862,Elche CF,18,"SANCHEZ JIMENEZ, MANUEL",143,MED,Medio Centro,2008,
1442948,Elche CF,5,"BAILE PASTOR, ANDRES",129,MED,Centrocampista,2008,
805415,Elche CF,25,"SÁNCHEZ SIERRA SOBRINO, DIEGO",90,POR,Portero,2008,
1327785,FC Cartagena,4,"ESQUERDO PEREZ, PEPE",270,DEF,Defensa,2008,x
24482808,FC Cartagena,22,"SANTIAGO PEREZ, SERGIO",270,DEF,Defensa,2009,
1320607,FC Cartagena,11,"LLINARES SANCHEZ, ALBERTO",264,MED,Centrocampista,2008,
21965925,FC Cartagena,23,"BOUTHIRI FARSI, JALAL",203,DEL,Delantero,2008,x
33193835,FC Cartagena,24,"SOM ESSOME, JEFF JUNIOR",202,DEF,Defensa,2009,
1314623,FC Cartagena,5,"MERLOS NAVARRO, GONZALO",192,DEF,Defensa,2008,
1321939,FC Cartagena,17,"NICOLAS LINARES, IKER",189,MED,Centrocampista,2008,
24954387,FC Cartagena,14,"LOPEZ RODRIGUEZ, HUGO",186,MED,Centrocampista,2008,x
1314454,FC Cartagena,13,"PEREZ ROS, PABLO",180,POR,Portero,2008,
1373713,FC Cartagena,9,"CAMPILLO CORTES, ANGEL DAVID",149,MED,Centrocampista,2008,
1321183,FC Cartagena,6,"AIX JIMENEZ, JOSE",139,DEF,Defensa,2010,
1313665,FC Cartagena,16,"NIEVES RODRIGUEZ, ADRIAN",131,DEF,Defensa,2008,
25122566,FC Cartagena,10,"LOPEZ FRANCO, ALVARO",125,DEL,Delantero,2008,
1321603,FC Cartagena,21,"TERUEL PEREZ, ALFONSO",114,DEL,Delantero,2008,x
1314457,FC Cartagena,7,"FUENTES LÓPEZ, MARIO",103,DEL,Delantero,2008,
25100645,FC Cartagena,1,"CEREZO PEREZ, ANTONIO JUAN",90,POR,Portero,2008,
1418373,Kelme C.F.,13,"ROMAN CORRAL, HECTOR",270,POR,Portero,2010,
901772700,Kelme C.F.,3,"MANCHÓN ALMARCHA, PAU",270,DEF,Defensa,2008,
1427094,Kelme C.F.,12,"CASTELLO HERNANDEZ, IZAN",248,,,2008,
1376562,Kelme C.F.,21,"MOURIÑO DAVID, HUGO",225,,,2008,
1378190,Kelme C.F.,8,"FERNANDEZ FERRANDIZ, JORGE",216,MED,Centrocampista,2008,
33845978,Kelme C.F.,25,"GHEBARU NEACSU, RAUL CHRISTIAN",196,,,2008,
1466367,Kelme C.F.,2,"ALONSO VELASCO, AITOR",180,,,2009,
1371796,Kelme C.F.,6,"OLIVARES PIÑERO, JESUS",180,MED,Centrocampista,2008,
1389880,Kelme C.F.,26,"SERRALLE VICENTE, JUAN CARLOS",178,MED,Centrocampista,2008,x
1388342,Kelme C.F.,20,"GOMEZ CARRASCO, AITOR",161,DEL,Delantero,2008,
1410147,Kelme C.F.,22,"HERNANDEZ RODENAS, IKER",150,,,2008,
901772368,Kelme C.F.,17,"GALIANO DOMINGO, DANIEL",123,DEL,Delantero,2008,
1424162,Kelme C.F.,27,"AGULLO RUIZ, AITOR",123,,,2008,
1376519,Kelme C.F.,11,"RIVERO LLORCA, GABRIEL ARTURO",114,DEL,Delantero,2008,x
1374091,Kelme C.F.,14,"TALAVERA BOLLAS, PABLO",98,,,2008,
25176918,Levante U.D.,5,"BELDA REVERT, SERGIO",270,MED,Centrocampista,2009,
25054095,Levante U.D.,16,"PARRAGA CABALLERO, JUAN",270,MED,Centrocampista,2008,x
1403822,Levante U.D.,22,"GARCIA GARCIA, HUGO",262,DEF,Defensa,2009,
23316266,Levante U.D.,15,"AVELLANEDA MORENO, BRUNO",260,DEF,Central,2009,
1395808,Levante U.D.,8,"TIRADO CORTES, UNAI",254,MED,Centrocampista,2008,
893015,Levante U.D.,2,"KONE SANGARE, MORIFING SIRIKI",243,DEF,Lateral Derecho,2009,
1375058,Levante U.D.,6,"BAABIT NMER, ADAM",225,DEF,Defensa,2008,
1374060,Levante U.D.,11,"CANO PEÑARRUBIA, ASIER",221,DEL,Delantero,2009,
1459964,Levante U.D.,1,"GALDIN, IHOR",180,POR,Portero,2010,
21806730,Levante U.D.,9,"ROATES, ANDREI",111,DEL,Delantero,2008,
862773,Levante U.D.,10,"GUTIERREZ ESCALONA, BIEL",100,DEL,Delantero,2008,
1404145,Levante U.D.,24,"GIMENO ALACREU, JOAN",96,DEF,Defensa,2008,
783545,Levante U.D.,18,"SAIZ CASTELLANOS, DANIEL",94,DEL,Delantero,2009,
33938124,Levante U.D.,17,"MURENZI, AARON MIYIBIZI",90,MED,Centrocampista,2008,x
1392119,Levante U.D.,13,"MARTINEZ GALLARDO, JORDI",90,POR,Portero,2008,
1432643,Murcia Promises Club de Fútbol,6,"UBEDA GUILLO, SERGIO",270,MED,Centrocampista,2008,
24406806,Murcia Promises Club de Fútbol,25,"MACHI BENJAMINS, BRYAN",270,POR,Portero,2008,
1394654,Murcia Promises Club de Fútbol,12,"GAVILAN LOPEZ, LUCIO",270,DEF,Lateral Izquierdo,2008,
1320841,Murcia Promises Club de Fútbol,3,"RAMÓN DE LA FLOR, JOAQUÍN",255,DEF,Defensa,2008,
1314550,Murcia Promises Club de Fútbol,17,"MARTINEZ CARREÑO, ALVARO",250,MED,Centrocampista,2009,
23493615,Murcia Promises Club de Fútbol,16,"GARCIA MARCO, JOSE LUIS",240,MED,Centrocampista,2008,
25122536,Murcia Promises Club de Fútbol,18,"GARCES FONSECA, JOSE ALEJANDRO",208,MED,Centrocampista,2008,
1435329,Murcia Promises Club de Fútbol,24,"PRIETO GONZALEZ, JAVIER",189,DEL,Delantero,2008,
1336370,Murcia Promises Club de Fútbol,4,"MELGAR RICHTER, RONALD ANDRÉS",180,DEF,Defensa,2008,
25178254,Murcia Promises Club de Fútbol,11,"BOTIA MARTÍNEZ, DAVID ENRIQUE",137,DEF,Defensa,2008,
1373876,Murcia Promises Club de Fútbol,22,"CASADO AZNAR, HUGO",127,MED,Centrocampista,2008,
23657805,Murcia Promises Club de Fútbol,7,"GIL IBAÑEZ, JUAN GABRIEL",112,DEL,Delantero,2008,x
1477261,Murcia Promises Club de Fútbol,8,"MILAN ALMODOVAR, ENRIQUE",111,MED,Centrocampista,2008,
1313397,Murcia Promises Club de Fútbol,15,"ACCIARI, BATTISTA",90,MED,Centrocampista,2008,
1397037,Patacona C.F.,1,"DE LA FUENTE BELLVER, RAUL",270,POR,Portero,2008,
1452906,Patacona C.F.,5,"BOTICA COSTA, MARIO",270,MED,Centrocampista,2009,
23347352,Patacona C.F.,10,"VALLS NAVARRO, JOSE VICENTE",270,,,2008,
900729437,Patacona C.F.,2,"TOMAS MANRIQUE, HUGO",267,MED,Centrocampista,2008,x
25032635,Patacona C.F.,4,"RODRIGUEZ RAMON, CRISTOBAL",267,DEF,Central,2010,
1388622,Patacona C.F.,9,"SAEZ IGUAL, AARON",253,DEL,Delantero,2008,x
29217607,Patacona C.F.,17,"EMMANUEL, OSAKUE ISREAL",223,MED,Centrocampista,2008,
1376688,Patacona C.F.,12,"ALEIXANDRE PEREZ, SANTIAGO",222,,,2009,
1395491,Patacona C.F.,11,"TOLEDO MARTÍNEZ, JAUME",209,,,2008,
1457475,Patacona C.F.,20,"HUERTA NAVARRO, YEREMI",166,,,2008,
1388477,Patacona C.F.,22,"VACA SUAREZ, DAVID",157,,,2008,
1370884,Patacona C.F.,14,"TOBOSO MASET, ALVARO",132,,,2009,
1374837,Patacona C.F.,6,"CARRETERO BALAGUER, MANEL",119,DEL,Delantero,2009,
696139,PENYA ARRABAL,20,"BARRAGAN AGUILO, HECTOR DARIO",270,DEF,Defensa,2008,
23366367,PENYA ARRABAL,17,"CANTALLOPS TORRES, MARC",270,MED,Centrocampista,,x
712864,PENYA ARRABAL,10,"MORENO PUJOL, JAVIER",270,MED,Centrocampista,,x
23312133,PENYA ARRABAL,8,"GHIOC, MIGUEL ANGEL",246,DEF,Defensa,,x
710279,PENYA ARRABAL,9,"ROIG BESTARD, TONI",214,MED,Centrocampista,,x
702181,PENYA ARRABAL,5,"ROMERO FELIU, ANDREU",201,DEF,Lateral Derecho,2008,
23912709,PENYA ARRABAL,6,"CORBALAN PITA, ALEX",201,DEF,Defensa,,x
715691,PENYA ARRABAL,22,"ROMERO CERVERA, FRANCISCO JOSÉ",186,MED,Centrocampista,2008,
702135,PENYA ARRABAL,1,"SILVA GIORGIO, AGUSTIN",180,POR,Portero,,
711509,PENYA ARRABAL,7,"VILLAR RODRIGUEZ, HUGO",175,DEF,Defensa,,x
713189,PENYA ARRABAL,19,"ORDINAS SANCHEZ, TOMAS",124,DEL,Delantero,,x
689675,PENYA ARRABAL,21,"COCA ANTELO, ANDREW",91,MED,Centrocampista,2008,
23388148,PENYA ARRABAL,13,"JIMENEZ RODRIGUEZ, HUGO",90,POR,Portero,,
909958,RCD Mallorca,1,"GOMEZ BERNABE, MARC",270,POR,Portero,2008,
23918234,RCD Mallorca,3,"GARAU NICOLAU, MARC",270,MED,Centrocampista,2009,x
22610903,RCD Mallorca,4,"D'VAZ AFONSO, SPENCER GARCIA",270,DEF,Defensa,2008,x
710544,RCD Mallorca,10,"QUIROS RODRIGUEZ, LLUIS",267,DEL,Delantero,2008,
4476351,RCD Mallorca,5,"FERNANDEZ VAZQUEZ, SERGI",260,MED,Centrocampista,2008,x
700839,RCD Mallorca,8,"FLEETHAM JOHN, SEBASTIAN STEPHEN",238,,,2008,
693041,RCD Mallorca,11,"MOLINA DONAIRE, DANIEL",195,DEL,Extremo Izquierdo,2008,
706685,RCD Mallorca,17,"WHYTE ODUNZE, MICHAEL IKENNA",191,DEL,Delantero,2008,
697133,RCD Mallorca,6,"LOZANO TUR, DAMIA",180,MED,Centrocampista,2010,
23361074,RCD Mallorca,2,"MORERA MARTIN, JORGE",174,MED,Centrocampista,2008,
982060,RCD Mallorca,7,"RUBIN, FREDERICO LEVY",164,MED,Centrocampista,2009,x
711044,RCD Mallorca,2,"VERD ALONSO, ABEL",122,MED,Centrocampista,2008,
1371048,RCD Mallorca,7,"MANTILLA ROMERO, IKER IVAN",106,MED,Centrocampista,2009,x
709955,RCD Mallorca,6,"BURGAYA GENOVART, FERRAN",99,DEL,Extremo Derecho,2008,
1313232,Real Murcia CF,1,"ATAZ GALLASTEGUI, MAURIZIO",270,POR,Portero,2008,
1308371,Real Murcia CF,9,"SANTA LOPEZ, RAUL",270,DEL,Delantero Centro,2009,
24965383,Real Murcia CF,6,"LOUM AMROUCHE, OMAR",250,MED,Centrocampista,2008,
1313395,Real Murcia CF,24,"HERNANDEZ MARIN, JOSE ANTONIO",249,MED,Centrocampista,2008,
33915749,Real Murcia CF,4,"CEAPALIGA MELINTE, ADRIANO",239,MED,Medio Centro,2008,
1399661,Real Murcia CF,12,"GARCIA DIAZ, NACHO",217,DEF,Defensa,2008,
1388479,Real Murcia CF,22,"CONTRERAS AVENDAÑO, MARCOS",212,DEL,Delantero Centro,2008,
1385773,Real Murcia CF,20,"TORRES RAMIREZ, JORGE",184,DEF,Defensa,2008,
485867,Real Murcia CF,21,"CAMINO HURTADO, ALEJANDRO",183,MED,Centrocampista,2009,
1313242,Real Murcia CF,5,"TERUEL AROCA, ALBERTO",159,DEF,Defensa,2008,
1320401,Real Murcia CF,11,"SAJID HAMMOURI, MOHAMED",148,DEL,Extremo Izquierdo,2009,
34091858,Real Murcia CF,16,"PALAZOV, RADOSLAV DIMITROV",121,DEF,Central,2008,
1325136,Real Murcia CF,14,"CARRILERO MARTINEZ, ROMEO",118,MED,Centrocampista,2009,
1396776,Torrent C.F.,10,"ORTIZ CATALUÑA, PABLO",270,DEF,Central,2008,
23324909,Torrent C.F.,14,"MORENO MARQUINA, CARLES",270,DEF,Defensa,2008,
23329086,Torrent C.F.,4,"PINO SEGOVIA, MARCOS",256,,,2008,
1377227,Torrent C.F.,21,"YAHIAOUI CARRION, MARC",255,DEL,Extremo Izquierdo,2009,
1436391,Torrent C.F.,22,"RAMOS GUZMAN, MARC",229,,,2008,
1383971,Torrent C.F.,9,"PERALES FELIPE, HÉCTOR",220,DEL,Delantero,2008,
23360137,Torrent C.F.,17,"NAVARRO VALERO, PAU",210,DEL,Extremo Izquierdo,2008,
1375697,Torrent C.F.,8,"CASTELLS TERRIBAS, SAUL",196,,,2008,
23329627,Torrent C.F.,1,"GARCIA GIMENO, IVAN",180,POR,Portero,2008,
1375070,Torrent C.F.,19,"CIVERA VERA, GILBERT",177,DEL,Delantero Centro,2008,
1447522,Torrent C.F.,3,"SIMEON ROSELL, GUILLEM",136,,,2008,
1373964,Torrent C.F.,5,"CORTINA CARBONELL, HUGO",134,DEL,Extremo Derecho,2008,
1403489,Torrent C.F.,11,"CASAÑ FURIO, ALVARO MIGUEL",103,DEL,Delantero,2008,
1441851,Torrent C.F.,13,"PINO SEGOVIA, RUBEN",90,POR,Portero,2008,
25260072,UCAM Universidad Catolica de Murcia CF,22,"CALERO TRIGO, PEDRO",270,MED,Centrocampista,2008,x
1308783,UCAM Universidad Catolica de Murcia CF,5,"QUIRANTE LOPEZ, MARCO",248,DEF,Defensa,2008,
1442784,UCAM Universidad Catolica de Murcia CF,25,"JIMÉNEZ ARAEZ, PABLO FRANCISCO",217,DEF,Defensa,2008,
479769,UCAM Universidad Catolica de Murcia CF,18,"ARENAS MORALES, GUILLERMO JESÚS",208,MED,Centrocampista,2008,
1395908,UCAM Universidad Catolica de Murcia CF,2,"CAMPUZANO HERNANDEZ, FELIX",206,MED,Centrocampista,2008,
1308031,UCAM Universidad Catolica de Murcia CF,6,"BRIEGA PAZOS, DAVID",201,MED,Centrocampista,2008,
23311378,UCAM Universidad Catolica de Murcia CF,9,"ÁLVAREZ RABANAL, VÍCTOR",197,DEL,Extremo Izquierdo,2008,x
25122533,UCAM Universidad Catolica de Murcia CF,1,"BALLESTA MELENCHON, ALFONSO",180,POR,Portero,2009,
24477811,UCAM Universidad Catolica de Murcia CF,16,"NOTARIO HERNÁNDEZ, ADRIÁN",172,DEF,Defensa,2008,x
23389224,UCAM Universidad Catolica de Murcia CF,7,"CAVAS BERNAL, IKER",159,DEL,Delantero,2008,
1307958,UCAM Universidad Catolica de Murcia CF,8,"MARTÍNEZ BERMEJO, JUAN DE DIOS",133,DEF,Defensa,2008,
23358110,UCAM Universidad Catolica de Murcia CF,23,"BURGOS BARRIONUEVO, PEDRO PABLO",121,MED,Centrocampista,2008,
1308687,UCAM Universidad Catolica de Murcia CF,3,"LOPEZ ESCAMEZ, ANGEL",115,DEF,Defensa,2008,
1325082,UCAM Universidad Catolica de Murcia CF,25,"PALLARES CABRERA, IKER",112,DEL,Delantero,2009,
1307554,UCAM Universidad Catolica de Murcia CF,11,"SÁEZ OLIVA, RAÚL",102,DEL,Delantero,2009,
1316038,UCAM Universidad Catolica de Murcia CF,4,"LUNA RODRÍGUEZ, MANUEL JERONIMO",90,DEF,Defensa,2009,
24482813,UCAM Universidad Catolica de Murcia CF,13,"CASTILLO LABORDA, ALBERTO",90,POR,Portero,2009,
1378990,Valencia CF,1,"MOLLA GALLEGO, PABLO",270,POR,Portero,2008,
24679449,Valencia CF,26,"ALBELDA FERNANDEZ, DAVID",270,MED,Medio Centro,2010,
1374995,Valencia CF,3,"POVEDA ROCA, HUGO",270,DEF,Defensa,2008,
1534636,Valencia CF,4,"FERNANDEZ MURET, HUGO",270,DEF,Defensa,2008,
1287780,Valencia CF,10,"GARCIA VILCHEZ, VICTOR",270,MED,Centrocampista,2008,
1375877,Valencia CF,11,"AMADIFE ACOLATSE, JERRY IKECHUKWU",205,DEL,Delantero,2009,
688999,Valencia CF,5,"TORRES CASTILLO, RUBEN",188,DEF,Defensa,2008,
33975085,Valencia CF,12,"DAVIS MORENO, ROMAN URIEL",160,DEF,Lateral Derecho,2008,x
1375872,Valencia CF,15,"DEL RIO PIÑEIRO, SANTIAGO TOMAS",155,DEL,Delantero,2009,x
34212538,Valencia CF,9,"SEYE, ABDOU SALAM",146,DEL,Delantero,2008,x
21780211,Valencia CF,7,"TAUCAS, DOMINYKAS",141,DEL,Delantero,2008,
900441256,Valencia CF,27,"CASTELLANOS CASTELLANOS, ALONSO",115,DEL,Delantero,2010,x
33995636,Valencia CF,8,"KAMENJAKOVIC, ALAN",102,MED,Centrocampista,2009,x
1374996,Valencia CF,2,"MIR ARRIBAS, HÉCTOR",90,DEF,Defensa,2008,
21694323,Villarreal C.F.,1,"URSU LOLOT, EDUARD MIHAI",270,POR,Portero,2008,
1403839,Villarreal C.F.,7,"VIVO GUILLAMON, ADRIAN",258,DEL,Delantero,2009,
1204444,Villarreal C.F.,28,"LUENGO CORDERO, RUBEN",226,DEF,Defensa,2009,
23672735,Villarreal C.F.,3,"PILILI RODRIGUEZ, LUCAS",224,DEF,Defensa,2009,
1383418,Villarreal C.F.,5,"BORRERO BARRIOS, JUAN MANUEL",206,DEF,Central,2009,
23491674,Villarreal C.F.,17,"MINITE SABATER, FODE",200,MED,Centrocampista,2009,
24598859,Villarreal C.F.,6,"PRECUP PRECUP, IOAN ROBERT",195,DEF,Defensa,2009,
1388891,Villarreal C.F.,2,"FALCÓ FONTANET, ANTONI",180,DEF,Defensa,2009,
26477250,Villarreal C.F.,22,"KONE DIABATE, MOUSSA",178,MED,Centrocampista,2009,x
28713993,Villarreal C.F.,20,"KISAK, YURII",178,DEL,Delantero,2008,
1389024,Villarreal C.F.,24,"MARTIN VERGUN, ROMAN",154,DEF,Defensa,2008,
1390781,Villarreal C.F.,10,"GONZALEZ GARCIA, EDUARDO",153,DEL,Delantero,2009,x
1379009,Villarreal C.F.,9,"GARCIA PALOMAR, RAUL",136,DEL,Delantero,2008,
1378013,Villarreal C.F.,8,"TRUJILLO MOLINA, JAIRO",124,MED,Centrocampista,2010,x